modelPath,prompt,imagePath
/Users/davidemolitierno/objaverse/hf-objaverse-v1/glbs/000-064/1cb18b2e4642443990e9fba9ac0b66ff.glb,1.0471975511965976 0.0,./views/1cb18b2e4642443990e9fba9ac0b66ff/000.png
/Users/davidemolitierno/objaverse/hf-objaverse-v1/glbs/000-064/1cb18b2e4642443990e9fba9ac0b66ff.glb,1.0471975511965976 0.7853981633974483,./views/1cb18b2e4642443990e9fba9ac0b66ff/001.png
/Users/davidemolitierno/objaverse/hf-objaverse-v1/glbs/000-064/1cb18b2e4642443990e9fba9ac0b66ff.glb,1.0471975511965976 1.5707963267948966,./views/1cb18b2e4642443990e9fba9ac0b66ff/002.png
/Users/davidemolitierno/objaverse/hf-objaverse-v1/glbs/000-064/1cb18b2e4642443990e9fba9ac0b66ff.glb,1.0471975511965976 2.356194490192345,./views/1cb18b2e4642443990e9fba9ac0b66ff/003.png
/Users/davidemolitierno/objaverse/hf-objaverse-v1/glbs/000-064/1cb18b2e4642443990e9fba9ac0b66ff.glb,1.0471975511965976 3.141592653589793,./views/1cb18b2e4642443990e9fba9ac0b66ff/004.png
/Users/davidemolitierno/objaverse/hf-objaverse-v1/glbs/000-064/1cb18b2e4642443990e9fba9ac0b66ff.glb,1.0471975511965976 3.9269908169872414,./views/1cb18b2e4642443990e9fba9ac0b66ff/005.png
/Users/davidemolitierno/objaverse/hf-objaverse-v1/glbs/000-064/1cb18b2e4642443990e9fba9ac0b66ff.glb,1.0471975511965976 4.71238898038469,./views/1cb18b2e4642443990e9fba9ac0b66ff/006.png
/Users/davidemolitierno/objaverse/hf-objaverse-v1/glbs/000-064/1cb18b2e4642443990e9fba9ac0b66ff.glb,1.0471975511965976 5.497787143782138,./views/1cb18b2e4642443990e9fba9ac0b66ff/007.png
